url,target_label
http://login.paypal.account-verification-service.com/update_password.asp,1
http://accounts-google.verify-identity.club/confirm-billing-info,1
https://nature.com/about,0
https://stanford.edu/search?q=machine+learning,0
https://google.com/index.html,0
https://secure-bankofamerica.update-login.net/update_password.asp,1
https://stanford.edu/article/12345,0
http://free-amazon-giftcard.claim-bonus.org/secure/login?session=88aef001,1
https://nature.com,0
https://secure-bankofamerica.update-login.net/verify-account?token=secret123,1
https://free-amazon-giftcard.claim-bonus.org/confirm-billing-info,1
https://github.com/download/package.tar.gz,0
https://reddit.com/docs/api/v1,0
http://192.168.1.105/admin/login.php/verify-account?token=secret123,1
https://microsoft.com/search?q=machine+learning,0
https://google.com/search?q=machine+learning,0
https://mit.edu/about,0
https://192.168.1.105/admin/login.php/signin.php?id=994812,1
https://free-amazon-giftcard.claim-bonus.org/secure/login?session=88aef001,1
https://nytimes.com/about,0
https://github.com/index.html,0
http://accounts-google.verify-identity.club/update_password.asp,1
https://ebay-seller-auth.security-check.biz/signin.php?id=994812,1
https://stackoverflow.com/about,0
https://stackoverflow.com/help/faq,0
https://python.org/search?q=machine+learning,0
https://192.168.1.105/admin/login.php/secure/login?session=88aef001,1
https://microsoft.com/docs/api/v1,0
https://nytimes.com/help/faq,0
https://python.org/help/faq,0
https://python.org/help/faq,0
https://ebay-seller-auth.security-check.biz/confirm-billing-info,1
https://free-amazon-giftcard.claim-bonus.org/secure/login?session=88aef001,1
https://login.paypal.account-verification-service.com/confirm-billing-info,1
https://wikipedia.org/about,0
https://stackoverflow.com/article/12345,0
https://linkedin.com/index.html,0
https://mit.edu/user/profile,0
https://google.com/about,0
https://googledrive-shared-document.view-file.xyz/verify-account?token=secret123,1
http://free-amazon-giftcard.claim-bonus.org/update_password.asp,1
https://stanford.edu/article/12345,0
https://apple-id-verify.account-security.info/verify-account?token=secret123,1
https://sciencedirect.com/search?q=machine+learning,0
https://googledrive-shared-document.view-file.xyz/verify-account?token=secret123,1
https://stanford.edu/download/package.tar.gz,0
https://nature.com/docs/api/v1,0
https://python.org/search?q=machine+learning,0
https://microsoft.com/about,0
https://reddit.com/docs/api/v1,0
https://login.paypal.account-verification-service.com/confirm-billing-info,1
http://ebay-seller-auth.security-check.biz/auth/login?redirect=bank,1
http://wikipedia.org/user/profile,0
https://google.com/docs/api/v1,0
https://ebay-seller-auth.security-check.biz/secure/login?session=88aef001,1
https://linkedin.com/download/package.tar.gz,0
https://192.168.1.105/admin/login.php/confirm-billing-info,1
http://bit.ly/3xYz901/confirm-billing-info,1
https://microsoft-online-support.password-reset.site/signin.php?id=994812,1
https://nature.com/docs/api/v1,0
https://apple.com/index.html,0
https://reddit.com/download/package.tar.gz,0
http://amazon.com/download/package.tar.gz,0
https://python.org/help/faq,0
https://python.org/help/faq,0
http://secure-bankofamerica.update-login.net/confirm-billing-info,1
https://sciencedirect.com/user/profile,0
https://google.com/docs/api/v1,0
https://mit.edu/download/package.tar.gz,0
https://reddit.com,0
https://stanford.edu/about,0
http://stanford.edu/index.html,0
http://192.168.1.105/admin/login.php/verify-account?token=secret123,1
https://mit.edu/about,0
https://reddit.com/help/faq,0
https://nature.com/docs/api/v1,0
https://github.com,0
https://stackoverflow.com/docs/api/v1,0
http://192.168.1.105/admin/login.php/auth/login?redirect=bank,1
http://ebay-seller-auth.security-check.biz/secure/login?session=88aef001,1
http://ebay-seller-auth.security-check.biz/signin.php?id=994812,1
https://mit.edu/index.html,0
http://192.168.1.105/admin/login.php/secure/login?session=88aef001,1
https://stanford.edu/search?q=machine+learning,0
https://nature.com/article/12345,0
https://secure-bankofamerica.update-login.net/update_password.asp,1
https://googledrive-shared-document.view-file.xyz/auth/login?redirect=bank,1
https://google.com/docs/api/v1,0
http://ebay-seller-auth.security-check.biz/verify-account?token=secret123,1
http://apple-id-verify.account-security.info/update_password.asp,1
https://amazon.com/docs/api/v1,0
https://python.org/docs/api/v1,0
http://stanford.edu/about,0
https://sciencedirect.com/help/faq,0
http://microsoft-online-support.password-reset.site/confirm-billing-info,1
https://microsoft-online-support.password-reset.site/secure/login?session=88aef001,1
https://stackoverflow.com/user/profile,0
http://apple-id-verify.account-security.info/update_password.asp,1
https://reddit.com/download/package.tar.gz,0
https://microsoft.com/download/package.tar.gz,0
https://linkedin.com/help/faq,0
https://sciencedirect.com/search?q=machine+learning,0
https://ebay-seller-auth.security-check.biz/update_password.asp,1
https://nature.com/docs/api/v1,0
http://microsoft-online-support.password-reset.site/signin.php?id=994812,1
http://apple-id-verify.account-security.info/signin.php?id=994812,1
http://googledrive-shared-document.view-file.xyz/verify-account?token=secret123,1
http://microsoft-online-support.password-reset.site/verify-account?token=secret123,1
https://ebay-seller-auth.security-check.biz/auth/login?redirect=bank,1
https://googledrive-shared-document.view-file.xyz/signin.php?id=994812,1
https://reddit.com/about,0
https://192.168.1.105/admin/login.php/secure/login?session=88aef001,1
http://apple.com,0
https://192.168.1.105/admin/login.php/signin.php?id=994812,1
https://googledrive-shared-document.view-file.xyz/update_password.asp,1
https://accounts-google.verify-identity.club/confirm-billing-info,1
https://linkedin.com,0
https://google.com/index.html,0
http://bit.ly/3xYz901/signin.php?id=994812,1
https://nytimes.com/help/faq,0
https://reddit.com/help/faq,0
http://googledrive-shared-document.view-file.xyz/auth/login?redirect=bank,1
https://bit.ly/3xYz901/update_password.asp,1
http://bit.ly/3xYz901/auth/login?redirect=bank,1
https://stanford.edu/search?q=machine+learning,0
http://bit.ly/3xYz901/auth/login?redirect=bank,1
https://apple.com/help/faq,0
https://reddit.com/search?q=machine+learning,0
http://ebay-seller-auth.security-check.biz/confirm-billing-info,1
https://ebay-seller-auth.security-check.biz/secure/login?session=88aef001,1
https://microsoft.com,0
https://ebay-seller-auth.security-check.biz/signin.php?id=994812,1
https://microsoft.com/search?q=machine+learning,0
https://apple.com/download/package.tar.gz,0
https://secure-bankofamerica.update-login.net/signin.php?id=994812,1
https://login.paypal.account-verification-service.com/verify-account?token=secret123,1
https://accounts-google.verify-identity.club/auth/login?redirect=bank,1
https://sciencedirect.com/index.html,0
https://python.org/user/profile,0
http://apple-id-verify.account-security.info/secure/login?session=88aef001,1
https://192.168.1.105/admin/login.php/confirm-billing-info,1
http://bit.ly/3xYz901/auth/login?redirect=bank,1
https://github.com/about,0
http://microsoft-online-support.password-reset.site/update_password.asp,1
http://free-amazon-giftcard.claim-bonus.org/update_password.asp,1
https://wikipedia.org,0
http://bit.ly/3xYz901/signin.php?id=994812,1
https://secure-bankofamerica.update-login.net/confirm-billing-info,1
https://linkedin.com,0
https://stackoverflow.com/index.html,0
https://bit.ly/3xYz901/auth/login?redirect=bank,1
https://microsoft.com/help/faq,0
http://ebay-seller-auth.security-check.biz/verify-account?token=secret123,1
https://stanford.edu/index.html,0
https://secure-bankofamerica.update-login.net/signin.php?id=994812,1
http://mit.edu/download/package.tar.gz,0
https://github.com/index.html,0
https://stanford.edu/search?q=machine+learning,0
https://apple-id-verify.account-security.info/verify-account?token=secret123,1
https://microsoft.com/index.html,0
http://secure-bankofamerica.update-login.net/secure/login?session=88aef001,1
https://ebay-seller-auth.security-check.biz/confirm-billing-info,1
http://googledrive-shared-document.view-file.xyz/auth/login?redirect=bank,1
https://apple.com/search?q=machine+learning,0
https://nature.com,0
https://free-amazon-giftcard.claim-bonus.org/verify-account?token=secret123,1
http://nature.com/index.html,0
https://192.168.1.105/admin/login.php/confirm-billing-info,1
http://accounts-google.verify-identity.club/verify-account?token=secret123,1
https://microsoft.com/search?q=machine+learning,0
http://free-amazon-giftcard.claim-bonus.org/secure/login?session=88aef001,1
http://free-amazon-giftcard.claim-bonus.org/update_password.asp,1
https://sciencedirect.com,0
https://amazon.com/article/12345,0
http://apple.com/help/faq,0
https://reddit.com/search?q=machine+learning,0
https://amazon.com/download/package.tar.gz,0
https://googledrive-shared-document.view-file.xyz/update_password.asp,1
https://stanford.edu/index.html,0
https://192.168.1.105/admin/login.php/auth/login?redirect=bank,1
https://googledrive-shared-document.view-file.xyz/confirm-billing-info,1
https://apple-id-verify.account-security.info/secure/login?session=88aef001,1
https://wikipedia.org/user/profile,0
http://accounts-google.verify-identity.club/confirm-billing-info,1
https://mit.edu/article/12345,0
http://apple-id-verify.account-security.info/confirm-billing-info,1
https://google.com/help/faq,0
http://accounts-google.verify-identity.club/update_password.asp,1
https://sciencedirect.com/index.html,0
https://github.com/article/12345,0
http://192.168.1.105/admin/login.php/update_password.asp,1
http://192.168.1.105/admin/login.php/verify-account?token=secret123,1
https://linkedin.com/about,0
https://secure-bankofamerica.update-login.net/verify-account?token=secret123,1
https://reddit.com,0
http://stackoverflow.com/docs/api/v1,0
https://apple.com/index.html,0
http://secure-bankofamerica.update-login.net/update_password.asp,1
https://ebay-seller-auth.security-check.biz/auth/login?redirect=bank,1
https://github.com/user/profile,0
https://apple-id-verify.account-security.info/confirm-billing-info,1
http://ebay-seller-auth.security-check.biz/signin.php?id=994812,1
http://192.168.1.105/admin/login.php/verify-account?token=secret123,1
https://secure-bankofamerica.update-login.net/update_password.asp,1
https://login.paypal.account-verification-service.com/secure/login?session=88aef001,1
https://google.com/search?q=machine+learning,0
https://secure-bankofamerica.update-login.net/update_password.asp,1
http://microsoft-online-support.password-reset.site/confirm-billing-info,1
https://192.168.1.105/admin/login.php/secure/login?session=88aef001,1
http://ebay-seller-auth.security-check.biz/confirm-billing-info,1
http://secure-bankofamerica.update-login.net/update_password.asp,1
https://apple-id-verify.account-security.info/update_password.asp,1
https://linkedin.com/about,0
https://bit.ly/3xYz901/update_password.asp,1
http://login.paypal.account-verification-service.com/signin.php?id=994812,1
http://apple.com/index.html,0
http://bit.ly/3xYz901/signin.php?id=994812,1
https://sciencedirect.com/user/profile,0
http://ebay-seller-auth.security-check.biz/update_password.asp,1
http://wikipedia.org,0
https://free-amazon-giftcard.claim-bonus.org/signin.php?id=994812,1
http://192.168.1.105/admin/login.php/update_password.asp,1
http://apple-id-verify.account-security.info/confirm-billing-info,1
https://login.paypal.account-verification-service.com/signin.php?id=994812,1
https://linkedin.com/about,0
https://linkedin.com/help/faq,0
https://secure-bankofamerica.update-login.net/auth/login?redirect=bank,1
https://apple.com/download/package.tar.gz,0
https://amazon.com/about,0
http://bit.ly/3xYz901/update_password.asp,1
https://reddit.com/about,0
https://apple.com/help/faq,0
http://googledrive-shared-document.view-file.xyz/auth/login?redirect=bank,1
https://192.168.1.105/admin/login.php/auth/login?redirect=bank,1
https://googledrive-shared-document.view-file.xyz/auth/login?redirect=bank,1
https://github.com/about,0
http://googledrive-shared-document.view-file.xyz/update_password.asp,1
https://linkedin.com/user/profile,0
https://apple-id-verify.account-security.info/auth/login?redirect=bank,1
https://free-amazon-giftcard.claim-bonus.org/signin.php?id=994812,1
https://nytimes.com,0
https://wikipedia.org/help/faq,0
https://reddit.com/user/profile,0
http://bit.ly/3xYz901/confirm-billing-info,1
https://python.org/download/package.tar.gz,0
https://mit.edu/article/12345,0
https://accounts-google.verify-identity.club/signin.php?id=994812,1
https://ebay-seller-auth.security-check.biz/signin.php?id=994812,1
https://sciencedirect.com/help/faq,0
http://stackoverflow.com/search?q=machine+learning,0
http://microsoft-online-support.password-reset.site/update_password.asp,1
https://reddit.com/about,0
http://python.org/about,0
http://stanford.edu/user/profile,0
https://bit.ly/3xYz901/confirm-billing-info,1
https://login.paypal.account-verification-service.com/secure/login?session=88aef001,1
http://nytimes.com/download/package.tar.gz,0
https://sciencedirect.com/index.html,0
https://wikipedia.org/download/package.tar.gz,0
https://microsoft-online-support.password-reset.site/secure/login?session=88aef001,1
https://reddit.com/index.html,0
http://reddit.com/search?q=machine+learning,0
http://login.paypal.account-verification-service.com/update_password.asp,1
http://ebay-seller-auth.security-check.biz/verify-account?token=secret123,1
http://ebay-seller-auth.security-check.biz/verify-account?token=secret123,1
http://googledrive-shared-document.view-file.xyz/signin.php?id=994812,1
https://linkedin.com/help/faq,0
https://apple.com/about,0
https://ebay-seller-auth.security-check.biz/auth/login?redirect=bank,1
https://linkedin.com/article/12345,0
https://stackoverflow.com/help/faq,0
https://googledrive-shared-document.view-file.xyz/secure/login?session=88aef001,1
http://bit.ly/3xYz901/secure/login?session=88aef001,1
http://ebay-seller-auth.security-check.biz/verify-account?token=secret123,1
https://sciencedirect.com,0
https://reddit.com,0
https://nature.com,0
https://google.com/help/faq,0
https://apple.com/download/package.tar.gz,0
https://stackoverflow.com,0
https://192.168.1.105/admin/login.php/verify-account?token=secret123,1
https://free-amazon-giftcard.claim-bonus.org/verify-account?token=secret123,1
https://stackoverflow.com/help/faq,0
http://bit.ly/3xYz901/update_password.asp,1
http://192.168.1.105/admin/login.php/confirm-billing-info,1
http://accounts-google.verify-identity.club/signin.php?id=994812,1
http://login.paypal.account-verification-service.com/auth/login?redirect=bank,1
http://apple-id-verify.account-security.info/auth/login?redirect=bank,1
http://192.168.1.105/admin/login.php/auth/login?redirect=bank,1
http://secure-bankofamerica.update-login.net/update_password.asp,1
https://google.com,0
https://accounts-google.verify-identity.club/confirm-billing-info,1
https://stanford.edu/about,0
https://free-amazon-giftcard.claim-bonus.org/verify-account?token=secret123,1
https://amazon.com/user/profile,0
http://accounts-google.verify-identity.club/secure/login?session=88aef001,1
https://nature.com/about,0
https://ebay-seller-auth.security-check.biz/confirm-billing-info,1
https://192.168.1.105/admin/login.php/confirm-billing-info,1
https://accounts-google.verify-identity.club/signin.php?id=994812,1
http://free-amazon-giftcard.claim-bonus.org/confirm-billing-info,1
https://free-amazon-giftcard.claim-bonus.org/verify-account?token=secret123,1
http://stackoverflow.com,0
https://login.paypal.account-verification-service.com/verify-account?token=secret123,1
http://googledrive-shared-document.view-file.xyz/verify-account?token=secret123,1
http://secure-bankofamerica.update-login.net/auth/login?redirect=bank,1
http://secure-bankofamerica.update-login.net/auth/login?redirect=bank,1
https://stackoverflow.com/article/12345,0
https://wikipedia.org/docs/api/v1,0
http://ebay-seller-auth.security-check.biz/confirm-billing-info,1
https://stackoverflow.com/about,0
https://linkedin.com/article/12345,0
https://stanford.edu,0
https://login.paypal.account-verification-service.com/signin.php?id=994812,1
https://python.org,0
https://stanford.edu/docs/api/v1,0
http://accounts-google.verify-identity.club/secure/login?session=88aef001,1
http://secure-bankofamerica.update-login.net/confirm-billing-info,1
https://accounts-google.verify-identity.club/update_password.asp,1
http://192.168.1.105/admin/login.php/confirm-billing-info,1
http://microsoft-online-support.password-reset.site/verify-account?token=secret123,1
http://bit.ly/3xYz901/auth/login?redirect=bank,1
https://mit.edu/index.html,0
https://nature.com/article/12345,0
http://microsoft-online-support.password-reset.site/update_password.asp,1
http://amazon.com,0
http://192.168.1.105/admin/login.php/auth/login?redirect=bank,1
https://github.com/user/profile,0
http://apple-id-verify.account-security.info/auth/login?redirect=bank,1
http://apple.com/index.html,0
https://nature.com/about,0
https://python.org/search?q=machine+learning,0
https://github.com/docs/api/v1,0
https://stanford.edu/index.html,0
http://secure-bankofamerica.update-login.net/update_password.asp,1
https://stanford.edu/index.html,0
http://microsoft-online-support.password-reset.site/confirm-billing-info,1
https://stanford.edu/article/12345,0
http://microsoft-online-support.password-reset.site/signin.php?id=994812,1
https://reddit.com/help/faq,0
https://secure-bankofamerica.update-login.net/secure/login?session=88aef001,1
http://apple.com/download/package.tar.gz,0
http://free-amazon-giftcard.claim-bonus.org/update_password.asp,1
http://accounts-google.verify-identity.club/update_password.asp,1
http://bit.ly/3xYz901/confirm-billing-info,1
http://google.com,0
http://apple-id-verify.account-security.info/auth/login?redirect=bank,1
https://stackoverflow.com/index.html,0
http://secure-bankofamerica.update-login.net/update_password.asp,1
https://wikipedia.org/article/12345,0
https://google.com/search?q=machine+learning,0
https://sciencedirect.com/article/12345,0
https://nytimes.com/about,0
https://mit.edu/user/profile,0
https://wikipedia.org/user/profile,0
https://reddit.com,0
http://python.org/help/faq,0
https://python.org,0
http://apple-id-verify.account-security.info/verify-account?token=secret123,1
https://sciencedirect.com/index.html,0
https://microsoft.com/about,0
https://sciencedirect.com/index.html,0
https://linkedin.com/docs/api/v1,0
https://googledrive-shared-document.view-file.xyz/signin.php?id=994812,1
https://apple-id-verify.account-security.info/secure/login?session=88aef001,1
http://free-amazon-giftcard.claim-bonus.org/secure/login?session=88aef001,1
https://apple.com/download/package.tar.gz,0
http://secure-bankofamerica.update-login.net/auth/login?redirect=bank,1
http://free-amazon-giftcard.claim-bonus.org/auth/login?redirect=bank,1
https://googledrive-shared-document.view-file.xyz/confirm-billing-info,1
https://microsoft.com/index.html,0
http://secure-bankofamerica.update-login.net/secure/login?session=88aef001,1
http://ebay-seller-auth.security-check.biz/signin.php?id=994812,1
https://stanford.edu/user/profile,0
https://nature.com/search?q=machine+learning,0
https://sciencedirect.com/help/faq,0
http://free-amazon-giftcard.claim-bonus.org/verify-account?token=secret123,1
https://reddit.com/help/faq,0
http://ebay-seller-auth.security-check.biz/auth/login?redirect=bank,1
https://linkedin.com/article/12345,0
https://apple-id-verify.account-security.info/secure/login?session=88aef001,1
https://apple-id-verify.account-security.info/secure/login?session=88aef001,1
https://github.com/search?q=machine+learning,0
http://login.paypal.account-verification-service.com/update_password.asp,1
http://googledrive-shared-document.view-file.xyz/update_password.asp,1
http://login.paypal.account-verification-service.com/secure/login?session=88aef001,1
https://python.org/search?q=machine+learning,0
http://free-amazon-giftcard.claim-bonus.org/secure/login?session=88aef001,1
https://stackoverflow.com/download/package.tar.gz,0
http://free-amazon-giftcard.claim-bonus.org/verify-account?token=secret123,1
https://apple-id-verify.account-security.info/verify-account?token=secret123,1
https://reddit.com/index.html,0
http://bit.ly/3xYz901/verify-account?token=secret123,1
https://reddit.com/search?q=machine+learning,0
http://linkedin.com/index.html,0
http://apple-id-verify.account-security.info/confirm-billing-info,1
https://sciencedirect.com/user/profile,0
https://nature.com/docs/api/v1,0
http://login.paypal.account-verification-service.com/update_password.asp,1
https://amazon.com/article/12345,0
http://stanford.edu/index.html,0
http://accounts-google.verify-identity.club/signin.php?id=994812,1
https://apple.com/about,0
http://apple-id-verify.account-security.info/secure/login?session=88aef001,1
https://stackoverflow.com/download/package.tar.gz,0
https://reddit.com/article/12345,0
https://stackoverflow.com/about,0
https://nytimes.com/article/12345,0
https://login.paypal.account-verification-service.com/verify-account?token=secret123,1
http://bit.ly/3xYz901/signin.php?id=994812,1
http://github.com/help/faq,0
https://linkedin.com/help/faq,0
https://login.paypal.account-verification-service.com/secure/login?session=88aef001,1
https://microsoft.com/download/package.tar.gz,0
https://stackoverflow.com/about,0
http://secure-bankofamerica.update-login.net/auth/login?redirect=bank,1
https://python.org/article/12345,0
http://192.168.1.105/admin/login.php/update_password.asp,1
https://amazon.com/help/faq,0
https://stanford.edu/index.html,0
https://python.org/article/12345,0
http://python.org,0
http://192.168.1.105/admin/login.php/signin.php?id=994812,1
https://apple-id-verify.account-security.info/secure/login?session=88aef001,1
https://mit.edu/search?q=machine+learning,0
https://sciencedirect.com/about,0
https://microsoft-online-support.password-reset.site/update_password.asp,1
http://accounts-google.verify-identity.club/verify-account?token=secret123,1
https://googledrive-shared-document.view-file.xyz/confirm-billing-info,1
https://stackoverflow.com/about,0
https://github.com/user/profile,0
https://sciencedirect.com/help/faq,0
https://amazon.com/user/profile,0
https://reddit.com/search?q=machine+learning,0
https://amazon.com,0
https://mit.edu/help/faq,0
https://nytimes.com/article/12345,0
https://google.com/search?q=machine+learning,0
http://free-amazon-giftcard.claim-bonus.org/update_password.asp,1
https://linkedin.com/index.html,0
https://microsoft.com/user/profile,0
https://secure-bankofamerica.update-login.net/verify-account?token=secret123,1
http://ebay-seller-auth.security-check.biz/auth/login?redirect=bank,1
http://accounts-google.verify-identity.club/update_password.asp,1
https://192.168.1.105/admin/login.php/secure/login?session=88aef001,1
http://googledrive-shared-document.view-file.xyz/update_password.asp,1
http://apple-id-verify.account-security.info/update_password.asp,1
http://bit.ly/3xYz901/auth/login?redirect=bank,1
http://free-amazon-giftcard.claim-bonus.org/signin.php?id=994812,1
https://linkedin.com/search?q=machine+learning,0
https://microsoft-online-support.password-reset.site/signin.php?id=994812,1
http://googledrive-shared-document.view-file.xyz/signin.php?id=994812,1
https://github.com,0
http://googledrive-shared-document.view-file.xyz/signin.php?id=994812,1
https://accounts-google.verify-identity.club/verify-account?token=secret123,1
https://nature.com/help/faq,0
https://microsoft.com/help/faq,0
https://accounts-google.verify-identity.club/auth/login?redirect=bank,1
http://secure-bankofamerica.update-login.net/signin.php?id=994812,1
https://google.com/download/package.tar.gz,0
https://nature.com/about,0
https://nature.com/index.html,0
https://python.org/docs/api/v1,0
https://wikipedia.org/search?q=machine+learning,0
http://ebay-seller-auth.security-check.biz/auth/login?redirect=bank,1
https://apple.com/index.html,0
https://login.paypal.account-verification-service.com/verify-account?token=secret123,1
https://reddit.com/download/package.tar.gz,0
https://apple-id-verify.account-security.info/verify-account?token=secret123,1
https://accounts-google.verify-identity.club/secure/login?session=88aef001,1
http://microsoft-online-support.password-reset.site/auth/login?redirect=bank,1
http://bit.ly/3xYz901/confirm-billing-info,1
http://secure-bankofamerica.update-login.net/signin.php?id=994812,1
https://stackoverflow.com/help/faq,0
http://microsoft-online-support.password-reset.site/verify-account?token=secret123,1
https://sciencedirect.com/user/profile,0
http://reddit.com/index.html,0
https://stackoverflow.com,0
https://reddit.com,0
https://amazon.com/search?q=machine+learning,0
http://secure-bankofamerica.update-login.net/update_password.asp,1
https://linkedin.com/article/12345,0
https://github.com/article/12345,0
http://mit.edu/download/package.tar.gz,0
https://mit.edu/docs/api/v1,0
https://apple.com/index.html,0
http://reddit.com,0
https://bit.ly/3xYz901/auth/login?redirect=bank,1
https://nytimes.com/download/package.tar.gz,0
https://sciencedirect.com/article/12345,0
http://login.paypal.account-verification-service.com/verify-account?token=secret123,1
https://reddit.com/article/12345,0
http://amazon.com,0
https://github.com/index.html,0
http://nature.com/about,0
https://stanford.edu/help/faq,0
http://secure-bankofamerica.update-login.net/auth/login?redirect=bank,1
https://microsoft-online-support.password-reset.site/secure/login?session=88aef001,1
https://accounts-google.verify-identity.club/verify-account?token=secret123,1
https://googledrive-shared-document.view-file.xyz/update_password.asp,1
http://free-amazon-giftcard.claim-bonus.org/auth/login?redirect=bank,1
https://wikipedia.org,0
https://nytimes.com/help/faq,0
https://login.paypal.account-verification-service.com/confirm-billing-info,1
http://apple-id-verify.account-security.info/verify-account?token=secret123,1
https://apple.com/help/faq,0
https://nature.com/about,0
https://microsoft.com/article/12345,0
https://stackoverflow.com/docs/api/v1,0
https://google.com/help/faq,0
http://reddit.com/docs/api/v1,0
http://secure-bankofamerica.update-login.net/update_password.asp,1
https://nytimes.com/article/12345,0
http://apple-id-verify.account-security.info/secure/login?session=88aef001,1
https://microsoft-online-support.password-reset.site/signin.php?id=994812,1
https://microsoft-online-support.password-reset.site/verify-account?token=secret123,1
https://google.com/help/faq,0
https://linkedin.com/user/profile,0
https://free-amazon-giftcard.claim-bonus.org/auth/login?redirect=bank,1
https://sciencedirect.com/search?q=machine+learning,0
https://wikipedia.org/user/profile,0
https://free-amazon-giftcard.claim-bonus.org/secure/login?session=88aef001,1
https://amazon.com/help/faq,0
https://reddit.com/download/package.tar.gz,0
https://mit.edu/index.html,0
http://accounts-google.verify-identity.club/auth/login?redirect=bank,1
https://microsoft.com/about,0
https://github.com/search?q=machine+learning,0
https://ebay-seller-auth.security-check.biz/verify-account?token=secret123,1
https://nytimes.com/user/profile,0
https://login.paypal.account-verification-service.com/confirm-billing-info,1
https://microsoft.com/download/package.tar.gz,0
https://microsoft.com/index.html,0
http://microsoft-online-support.password-reset.site/update_password.asp,1
https://linkedin.com/docs/api/v1,0
https://microsoft-online-support.password-reset.site/signin.php?id=994812,1
https://reddit.com,0
http://apple-id-verify.account-security.info/auth/login?redirect=bank,1
https://wikipedia.org/download/package.tar.gz,0
https://google.com/index.html,0
https://accounts-google.verify-identity.club/signin.php?id=994812,1
https://sciencedirect.com/docs/api/v1,0
https://nature.com/help/faq,0
https://apple-id-verify.account-security.info/auth/login?redirect=bank,1
http://microsoft-online-support.password-reset.site/update_password.asp,1
https://mit.edu/help/faq,0
http://apple-id-verify.account-security.info/auth/login?redirect=bank,1
https://mit.edu/user/profile,0
https://apple.com/user/profile,0
https://googledrive-shared-document.view-file.xyz/confirm-billing-info,1
https://stackoverflow.com/user/profile,0
https://nytimes.com/user/profile,0
https://accounts-google.verify-identity.club/verify-account?token=secret123,1
https://secure-bankofamerica.update-login.net/secure/login?session=88aef001,1
http://nature.com/help/faq,0
http://googledrive-shared-document.view-file.xyz/verify-account?token=secret123,1
https://secure-bankofamerica.update-login.net/verify-account?token=secret123,1
http://googledrive-shared-document.view-file.xyz/auth/login?redirect=bank,1
https://bit.ly/3xYz901/verify-account?token=secret123,1
https://microsoft.com,0
http://free-amazon-giftcard.claim-bonus.org/confirm-billing-info,1
https://microsoft-online-support.password-reset.site/update_password.asp,1
https://secure-bankofamerica.update-login.net/auth/login?redirect=bank,1
https://accounts-google.verify-identity.club/verify-account?token=secret123,1
https://github.com/about,0
https://nature.com/about,0
http://ebay-seller-auth.security-check.biz/auth/login?redirect=bank,1
https://mit.edu/about,0
http://apple-id-verify.account-security.info/auth/login?redirect=bank,1
https://stackoverflow.com/user/profile,0
https://sciencedirect.com/user/profile,0
https://stanford.edu/download/package.tar.gz,0
https://python.org/user/profile,0
http://apple-id-verify.account-security.info/update_password.asp,1
https://linkedin.com/article/12345,0
https://wikipedia.org/docs/api/v1,0
http://192.168.1.105/admin/login.php/confirm-billing-info,1
https://github.com/help/faq,0
http://accounts-google.verify-identity.club/auth/login?redirect=bank,1
https://github.com/help/faq,0
https://192.168.1.105/admin/login.php/signin.php?id=994812,1
https://wikipedia.org/download/package.tar.gz,0
http://microsoft-online-support.password-reset.site/confirm-billing-info,1
https://apple.com/index.html,0
https://stackoverflow.com/user/profile,0
http://stackoverflow.com,0
https://microsoft.com/index.html,0
http://accounts-google.verify-identity.club/verify-account?token=secret123,1
https://stackoverflow.com,0
http://ebay-seller-auth.security-check.biz/confirm-billing-info,1
https://free-amazon-giftcard.claim-bonus.org/verify-account?token=secret123,1
https://sciencedirect.com/article/12345,0
https://stackoverflow.com/help/faq,0
https://python.org/help/faq,0
https://free-amazon-giftcard.claim-bonus.org/confirm-billing-info,1
https://apple.com,0
https://apple.com/download/package.tar.gz,0
http://bit.ly/3xYz901/verify-account?token=secret123,1
https://mit.edu,0
http://googledrive-shared-document.view-file.xyz/confirm-billing-info,1
http://login.paypal.account-verification-service.com/verify-account?token=secret123,1
https://apple.com/user/profile,0
https://nature.com/about,0
https://stackoverflow.com/about,0
https://github.com/user/profile,0
http://192.168.1.105/admin/login.php/secure/login?session=88aef001,1
https://google.com/help/faq,0
https://googledrive-shared-document.view-file.xyz/signin.php?id=994812,1
https://stackoverflow.com/index.html,0
https://login.paypal.account-verification-service.com/auth/login?redirect=bank,1
http://microsoft-online-support.password-reset.site/signin.php?id=994812,1
https://python.org/article/12345,0
https://apple.com/about,0
http://free-amazon-giftcard.claim-bonus.org/signin.php?id=994812,1
https://mit.edu,0
https://microsoft.com/search?q=machine+learning,0
https://stackoverflow.com/about,0
https://mit.edu/download/package.tar.gz,0
http://secure-bankofamerica.update-login.net/auth/login?redirect=bank,1
http://sciencedirect.com/search?q=machine+learning,0
http://googledrive-shared-document.view-file.xyz/verify-account?token=secret123,1
https://mit.edu,0
https://wikipedia.org/docs/api/v1,0
https://bit.ly/3xYz901/auth/login?redirect=bank,1
https://apple-id-verify.account-security.info/confirm-billing-info,1
https://nature.com/docs/api/v1,0
https://nature.com/search?q=machine+learning,0
https://apple-id-verify.account-security.info/secure/login?session=88aef001,1
http://mit.edu/user/profile,0
https://mit.edu/download/package.tar.gz,0
https://amazon.com/search?q=machine+learning,0
http://apple-id-verify.account-security.info/signin.php?id=994812,1
https://amazon.com/help/faq,0
https://bit.ly/3xYz901/auth/login?redirect=bank,1
https://microsoft-online-support.password-reset.site/secure/login?session=88aef001,1
https://microsoft-online-support.password-reset.site/auth/login?redirect=bank,1
http://wikipedia.org,0
https://linkedin.com/user/profile,0
https://linkedin.com/index.html,0
http://apple-id-verify.account-security.info/signin.php?id=994812,1
http://sciencedirect.com/user/profile,0
https://free-amazon-giftcard.claim-bonus.org/confirm-billing-info,1
https://secure-bankofamerica.update-login.net/update_password.asp,1
http://bit.ly/3xYz901/update_password.asp,1
https://wikipedia.org/article/12345,0
https://microsoft.com/help/faq,0
https://sciencedirect.com/docs/api/v1,0
https://apple-id-verify.account-security.info/verify-account?token=secret123,1
https://free-amazon-giftcard.claim-bonus.org/secure/login?session=88aef001,1
http://googledrive-shared-document.view-file.xyz/verify-account?token=secret123,1
https://accounts-google.verify-identity.club/confirm-billing-info,1
https://apple.com,0
https://192.168.1.105/admin/login.php/auth/login?redirect=bank,1
https://login.paypal.account-verification-service.com/signin.php?id=994812,1
https://mit.edu/docs/api/v1,0
http://wikipedia.org/article/12345,0
https://sciencedirect.com,0
https://free-amazon-giftcard.claim-bonus.org/secure/login?session=88aef001,1
https://ebay-seller-auth.security-check.biz/auth/login?redirect=bank,1
http://stanford.edu/docs/api/v1,0
https://google.com/index.html,0
https://microsoft-online-support.password-reset.site/secure/login?session=88aef001,1
http://amazon.com,0
https://amazon.com/article/12345,0
http://googledrive-shared-document.view-file.xyz/update_password.asp,1
https://apple-id-verify.account-security.info/confirm-billing-info,1
https://reddit.com/about,0
https://apple.com/index.html,0
https://mit.edu/download/package.tar.gz,0
http://ebay-seller-auth.security-check.biz/update_password.asp,1
https://github.com/help/faq,0
http://accounts-google.verify-identity.club/secure/login?session=88aef001,1
https://sciencedirect.com/user/profile,0
http://free-amazon-giftcard.claim-bonus.org/auth/login?redirect=bank,1
https://192.168.1.105/admin/login.php/update_password.asp,1
https://googledrive-shared-document.view-file.xyz/update_password.asp,1
http://free-amazon-giftcard.claim-bonus.org/confirm-billing-info,1
http://accounts-google.verify-identity.club/secure/login?session=88aef001,1
https://google.com/docs/api/v1,0
http://googledrive-shared-document.view-file.xyz/auth/login?redirect=bank,1
http://googledrive-shared-document.view-file.xyz/verify-account?token=secret123,1
https://apple.com/download/package.tar.gz,0
https://github.com/user/profile,0
https://free-amazon-giftcard.claim-bonus.org/confirm-billing-info,1
http://192.168.1.105/admin/login.php/signin.php?id=994812,1
http://secure-bankofamerica.update-login.net/auth/login?redirect=bank,1
https://amazon.com/index.html,0
https://amazon.com/docs/api/v1,0
https://mit.edu/help/faq,0
http://apple-id-verify.account-security.info/update_password.asp,1
http://bit.ly/3xYz901/secure/login?session=88aef001,1
https://apple.com/about,0
http://accounts-google.verify-identity.club/auth/login?redirect=bank,1
http://bit.ly/3xYz901/secure/login?session=88aef001,1
https://stanford.edu/user/profile,0
https://stackoverflow.com/user/profile,0
http://192.168.1.105/admin/login.php/verify-account?token=secret123,1
https://accounts-google.verify-identity.club/confirm-billing-info,1
https://reddit.com/about,0
https://login.paypal.account-verification-service.com/auth/login?redirect=bank,1
https://python.org/search?q=machine+learning,0
https://secure-bankofamerica.update-login.net/confirm-billing-info,1
https://free-amazon-giftcard.claim-bonus.org/auth/login?redirect=bank,1
https://free-amazon-giftcard.claim-bonus.org/verify-account?token=secret123,1
https://wikipedia.org/download/package.tar.gz,0
https://python.org,0
http://free-amazon-giftcard.claim-bonus.org/update_password.asp,1
https://reddit.com,0
https://apple.com/article/12345,0
https://nytimes.com/search?q=machine+learning,0
https://microsoft.com/about,0
http://reddit.com/index.html,0
https://amazon.com/docs/api/v1,0
http://secure-bankofamerica.update-login.net/auth/login?redirect=bank,1
https://google.com/index.html,0
https://apple-id-verify.account-security.info/confirm-billing-info,1
https://linkedin.com,0
https://bit.ly/3xYz901/auth/login?redirect=bank,1
https://googledrive-shared-document.view-file.xyz/auth/login?redirect=bank,1
http://free-amazon-giftcard.claim-bonus.org/confirm-billing-info,1
http://microsoft-online-support.password-reset.site/confirm-billing-info,1
https://192.168.1.105/admin/login.php/update_password.asp,1
http://free-amazon-giftcard.claim-bonus.org/secure/login?session=88aef001,1
http://ebay-seller-auth.security-check.biz/secure/login?session=88aef001,1
https://amazon.com/index.html,0
https://python.org/search?q=machine+learning,0
https://sciencedirect.com/article/12345,0
http://bit.ly/3xYz901/signin.php?id=994812,1
https://sciencedirect.com/search?q=machine+learning,0
https://ebay-seller-auth.security-check.biz/auth/login?redirect=bank,1
https://192.168.1.105/admin/login.php/verify-account?token=secret123,1
http://192.168.1.105/admin/login.php/verify-account?token=secret123,1
https://amazon.com/search?q=machine+learning,0
https://google.com/article/12345,0
https://microsoft.com/article/12345,0
https://sciencedirect.com/index.html,0
https://nytimes.com,0
https://stackoverflow.com/user/profile,0
https://192.168.1.105/admin/login.php/secure/login?session=88aef001,1
https://bit.ly/3xYz901/secure/login?session=88aef001,1
https://login.paypal.account-verification-service.com/verify-account?token=secret123,1
http://bit.ly/3xYz901/signin.php?id=994812,1
http://bit.ly/3xYz901/update_password.asp,1
https://github.com/docs/api/v1,0
https://nytimes.com/about,0
https://free-amazon-giftcard.claim-bonus.org/update_password.asp,1
http://sciencedirect.com/about,0
https://wikipedia.org/user/profile,0
http://192.168.1.105/admin/login.php/signin.php?id=994812,1
https://free-amazon-giftcard.claim-bonus.org/signin.php?id=994812,1
https://stanford.edu/about,0
http://login.paypal.account-verification-service.com/secure/login?session=88aef001,1
https://microsoft.com/index.html,0
http://bit.ly/3xYz901/verify-account?token=secret123,1
https://nature.com,0
http://login.paypal.account-verification-service.com/confirm-billing-info,1
https://nature.com/search?q=machine+learning,0
https://apple.com/about,0
http://microsoft-online-support.password-reset.site/verify-account?token=secret123,1
http://sciencedirect.com,0
https://github.com/article/12345,0
https://accounts-google.verify-identity.club/signin.php?id=994812,1
https://microsoft.com/index.html,0
https://reddit.com/search?q=machine+learning,0
https://free-amazon-giftcard.claim-bonus.org/auth/login?redirect=bank,1
https://amazon.com/about,0
https://microsoft.com/search?q=machine+learning,0
https://apple.com/download/package.tar.gz,0
https://apple.com,0
http://login.paypal.account-verification-service.com/auth/login?redirect=bank,1
https://apple.com/about,0
https://wikipedia.org/article/12345,0
http://ebay-seller-auth.security-check.biz/auth/login?redirect=bank,1
http://login.paypal.account-verification-service.com/update_password.asp,1
http://ebay-seller-auth.security-check.biz/confirm-billing-info,1
https://google.com/download/package.tar.gz,0
https://googledrive-shared-document.view-file.xyz/update_password.asp,1
https://apple-id-verify.account-security.info/secure/login?session=88aef001,1
http://login.paypal.account-verification-service.com/signin.php?id=994812,1
https://bit.ly/3xYz901/verify-account?token=secret123,1
http://amazon.com/search?q=machine+learning,0
http://stanford.edu/user/profile,0
https://apple.com/about,0
https://login.paypal.account-verification-service.com/verify-account?token=secret123,1
https://googledrive-shared-document.view-file.xyz/auth/login?redirect=bank,1
https://apple.com/download/package.tar.gz,0
https://ebay-seller-auth.security-check.biz/secure/login?session=88aef001,1
http://login.paypal.account-verification-service.com/verify-account?token=secret123,1
https://microsoft-online-support.password-reset.site/confirm-billing-info,1
http://ebay-seller-auth.security-check.biz/secure/login?session=88aef001,1
http://googledrive-shared-document.view-file.xyz/signin.php?id=994812,1
http://192.168.1.105/admin/login.php/confirm-billing-info,1
https://microsoft.com,0
https://googledrive-shared-document.view-file.xyz/confirm-billing-info,1
https://apple.com/article/12345,0
https://mit.edu,0
https://login.paypal.account-verification-service.com/secure/login?session=88aef001,1
http://stanford.edu/search?q=machine+learning,0
https://reddit.com/docs/api/v1,0
http://free-amazon-giftcard.claim-bonus.org/signin.php?id=994812,1
https://microsoft.com/article/12345,0
https://apple.com/article/12345,0
https://google.com,0
https://microsoft-online-support.password-reset.site/secure/login?session=88aef001,1
https://apple-id-verify.account-security.info/signin.php?id=994812,1
https://amazon.com,0
https://stanford.edu/docs/api/v1,0
http://microsoft-online-support.password-reset.site/signin.php?id=994812,1
http://reddit.com/help/faq,0
http://free-amazon-giftcard.claim-bonus.org/update_password.asp,1
https://apple-id-verify.account-security.info/update_password.asp,1
http://apple-id-verify.account-security.info/signin.php?id=994812,1
http://googledrive-shared-document.view-file.xyz/confirm-billing-info,1
https://sciencedirect.com/index.html,0
https://google.com/article/12345,0
https://googledrive-shared-document.view-file.xyz/signin.php?id=994812,1
https://amazon.com/help/faq,0
https://nytimes.com/user/profile,0
https://nytimes.com/about,0
https://googledrive-shared-document.view-file.xyz/update_password.asp,1
https://python.org,0
https://googledrive-shared-document.view-file.xyz/verify-account?token=secret123,1
https://login.paypal.account-verification-service.com/verify-account?token=secret123,1
https://github.com/download/package.tar.gz,0
http://microsoft-online-support.password-reset.site/secure/login?session=88aef001,1
https://accounts-google.verify-identity.club/secure/login?session=88aef001,1
https://nature.com/docs/api/v1,0
http://apple-id-verify.account-security.info/secure/login?session=88aef001,1
https://mit.edu/download/package.tar.gz,0
https://python.org,0
http://login.paypal.account-verification-service.com/verify-account?token=secret123,1
https://nature.com/search?q=machine+learning,0
http://free-amazon-giftcard.claim-bonus.org/signin.php?id=994812,1
http://googledrive-shared-document.view-file.xyz/auth/login?redirect=bank,1
https://amazon.com/about,0
https://github.com/docs/api/v1,0
https://googledrive-shared-document.view-file.xyz/update_password.asp,1
https://stackoverflow.com/download/package.tar.gz,0
http://secure-bankofamerica.update-login.net/verify-account?token=secret123,1
https://stackoverflow.com/help/faq,0
http://apple-id-verify.account-security.info/update_password.asp,1
https://free-amazon-giftcard.claim-bonus.org/update_password.asp,1
https://google.com/index.html,0
https://ebay-seller-auth.security-check.biz/signin.php?id=994812,1
https://stackoverflow.com/download/package.tar.gz,0
http://login.paypal.account-verification-service.com/update_password.asp,1
http://ebay-seller-auth.security-check.biz/signin.php?id=994812,1
http://login.paypal.account-verification-service.com/secure/login?session=88aef001,1
https://amazon.com/docs/api/v1,0
https://sciencedirect.com/help/faq,0
http://linkedin.com/docs/api/v1,0
http://secure-bankofamerica.update-login.net/signin.php?id=994812,1
http://accounts-google.verify-identity.club/update_password.asp,1
https://ebay-seller-auth.security-check.biz/secure/login?session=88aef001,1
http://192.168.1.105/admin/login.php/verify-account?token=secret123,1
http://login.paypal.account-verification-service.com/verify-account?token=secret123,1
https://google.com/search?q=machine+learning,0
http://amazon.com/download/package.tar.gz,0
http://accounts-google.verify-identity.club/verify-account?token=secret123,1
http://googledrive-shared-document.view-file.xyz/secure/login?session=88aef001,1
http://bit.ly/3xYz901/update_password.asp,1
https://stackoverflow.com,0
http://bit.ly/3xYz901/signin.php?id=994812,1
http://192.168.1.105/admin/login.php/auth/login?redirect=bank,1
https://googledrive-shared-document.view-file.xyz/verify-account?token=secret123,1
http://apple-id-verify.account-security.info/secure/login?session=88aef001,1
http://nytimes.com/docs/api/v1,0
http://ebay-seller-auth.security-check.biz/verify-account?token=secret123,1
http://secure-bankofamerica.update-login.net/signin.php?id=994812,1
http://googledrive-shared-document.view-file.xyz/signin.php?id=994812,1
https://microsoft.com/search?q=machine+learning,0
https://apple.com/search?q=machine+learning,0
https://google.com/download/package.tar.gz,0
https://reddit.com/about,0
http://microsoft-online-support.password-reset.site/confirm-billing-info,1
https://login.paypal.account-verification-service.com/secure/login?session=88aef001,1
https://microsoft.com/index.html,0
https://nytimes.com/docs/api/v1,0
https://microsoft-online-support.password-reset.site/confirm-billing-info,1
https://microsoft-online-support.password-reset.site/auth/login?redirect=bank,1
https://secure-bankofamerica.update-login.net/update_password.asp,1
https://nytimes.com/article/12345,0
https://stanford.edu/search?q=machine+learning,0
https://stackoverflow.com/about,0
https://microsoft.com/help/faq,0
https://192.168.1.105/admin/login.php/secure/login?session=88aef001,1
http://microsoft-online-support.password-reset.site/auth/login?redirect=bank,1
http://microsoft-online-support.password-reset.site/confirm-billing-info,1
http://bit.ly/3xYz901/update_password.asp,1
https://reddit.com/user/profile,0
https://apple.com/docs/api/v1,0
https://stackoverflow.com,0
https://microsoft.com/help/faq,0
https://stanford.edu/download/package.tar.gz,0
http://ebay-seller-auth.security-check.biz/confirm-billing-info,1
https://amazon.com/about,0
https://sciencedirect.com/download/package.tar.gz,0
https://mit.edu/user/profile,0
https://microsoft.com/about,0
https://wikipedia.org/user/profile,0
https://sciencedirect.com/user/profile,0
https://stackoverflow.com,0
https://accounts-google.verify-identity.club/confirm-billing-info,1
https://secure-bankofamerica.update-login.net/secure/login?session=88aef001,1
http://secure-bankofamerica.update-login.net/auth/login?redirect=bank,1
http://login.paypal.account-verification-service.com/signin.php?id=994812,1
https://github.com/article/12345,0
http://accounts-google.verify-identity.club/confirm-billing-info,1
https://stackoverflow.com,0
http://free-amazon-giftcard.claim-bonus.org/verify-account?token=secret123,1
http://192.168.1.105/admin/login.php/verify-account?token=secret123,1
http://secure-bankofamerica.update-login.net/secure/login?session=88aef001,1
https://nature.com/article/12345,0
https://nature.com/about,0
https://microsoft.com/search?q=machine+learning,0
http://microsoft-online-support.password-reset.site/signin.php?id=994812,1
https://stackoverflow.com/help/faq,0
http://login.paypal.account-verification-service.com/auth/login?redirect=bank,1
https://python.org/index.html,0
https://nytimes.com/search?q=machine+learning,0
https://reddit.com/search?q=machine+learning,0
http://ebay-seller-auth.security-check.biz/secure/login?session=88aef001,1
http://ebay-seller-auth.security-check.biz/signin.php?id=994812,1
https://secure-bankofamerica.update-login.net/secure/login?session=88aef001,1
https://apple.com/article/12345,0
https://google.com,0
http://ebay-seller-auth.security-check.biz/verify-account?token=secret123,1
https://free-amazon-giftcard.claim-bonus.org/auth/login?redirect=bank,1
http://bit.ly/3xYz901/verify-account?token=secret123,1
https://nytimes.com,0
http://ebay-seller-auth.security-check.biz/update_password.asp,1
http://free-amazon-giftcard.claim-bonus.org/update_password.asp,1
https://nytimes.com/article/12345,0
http://secure-bankofamerica.update-login.net/auth/login?redirect=bank,1
http://login.paypal.account-verification-service.com/signin.php?id=994812,1
http://apple-id-verify.account-security.info/update_password.asp,1
http://mit.edu/index.html,0
https://192.168.1.105/admin/login.php/signin.php?id=994812,1
http://free-amazon-giftcard.claim-bonus.org/auth/login?redirect=bank,1
http://microsoft-online-support.password-reset.site/signin.php?id=994812,1
http://apple-id-verify.account-security.info/confirm-billing-info,1
http://192.168.1.105/admin/login.php/update_password.asp,1
https://wikipedia.org,0
https://stanford.edu/about,0
https://microsoft-online-support.password-reset.site/signin.php?id=994812,1
http://accounts-google.verify-identity.club/verify-account?token=secret123,1
https://python.org/help/faq,0
https://secure-bankofamerica.update-login.net/update_password.asp,1
https://bit.ly/3xYz901/auth/login?redirect=bank,1
https://bit.ly/3xYz901/verify-account?token=secret123,1
https://apple-id-verify.account-security.info/confirm-billing-info,1
http://accounts-google.verify-identity.club/confirm-billing-info,1
http://secure-bankofamerica.update-login.net/update_password.asp,1
https://free-amazon-giftcard.claim-bonus.org/update_password.asp,1
https://reddit.com/download/package.tar.gz,0
https://apple-id-verify.account-security.info/secure/login?session=88aef001,1
http://microsoft-online-support.password-reset.site/update_password.asp,1
https://reddit.com/docs/api/v1,0
https://reddit.com/index.html,0
https://nytimes.com/search?q=machine+learning,0
http://ebay-seller-auth.security-check.biz/update_password.asp,1
http://192.168.1.105/admin/login.php/update_password.asp,1
http://google.com/article/12345,0
https://reddit.com/user/profile,0
https://linkedin.com/docs/api/v1,0
http://secure-bankofamerica.update-login.net/signin.php?id=994812,1
https://stackoverflow.com,0
https://ebay-seller-auth.security-check.biz/signin.php?id=994812,1
https://login.paypal.account-verification-service.com/verify-account?token=secret123,1
https://ebay-seller-auth.security-check.biz/auth/login?redirect=bank,1
https://sciencedirect.com/search?q=machine+learning,0
https://nytimes.com/user/profile,0
https://amazon.com/index.html,0
https://microsoft.com/search?q=machine+learning,0
http://googledrive-shared-document.view-file.xyz/auth/login?redirect=bank,1
https://linkedin.com/docs/api/v1,0
http://bit.ly/3xYz901/verify-account?token=secret123,1
http://accounts-google.verify-identity.club/update_password.asp,1
http://apple-id-verify.account-security.info/confirm-billing-info,1
https://nytimes.com/index.html,0
https://stanford.edu/help/faq,0
https://microsoft.com/index.html,0
https://mit.edu/download/package.tar.gz,0
https://google.com/download/package.tar.gz,0
http://apple-id-verify.account-security.info/confirm-billing-info,1
https://python.org/user/profile,0
https://reddit.com/article/12345,0
http://free-amazon-giftcard.claim-bonus.org/update_password.asp,1
http://192.168.1.105/admin/login.php/update_password.asp,1
https://bit.ly/3xYz901/signin.php?id=994812,1
https://reddit.com/index.html,0
http://accounts-google.verify-identity.club/confirm-billing-info,1
http://googledrive-shared-document.view-file.xyz/signin.php?id=994812,1
http://free-amazon-giftcard.claim-bonus.org/confirm-billing-info,1
https://googledrive-shared-document.view-file.xyz/confirm-billing-info,1
https://nytimes.com/about,0
https://ebay-seller-auth.security-check.biz/confirm-billing-info,1
https://stanford.edu/article/12345,0
https://googledrive-shared-document.view-file.xyz/update_password.asp,1
http://sciencedirect.com/download/package.tar.gz,0
https://amazon.com/about,0
https://accounts-google.verify-identity.club/verify-account?token=secret123,1
https://nytimes.com/search?q=machine+learning,0
http://ebay-seller-auth.security-check.biz/auth/login?redirect=bank,1
http://googledrive-shared-document.view-file.xyz/update_password.asp,1
http://login.paypal.account-verification-service.com/signin.php?id=994812,1
https://login.paypal.account-verification-service.com/auth/login?redirect=bank,1
http://apple-id-verify.account-security.info/secure/login?session=88aef001,1
http://microsoft-online-support.password-reset.site/update_password.asp,1
https://reddit.com/search?q=machine+learning,0
http://secure-bankofamerica.update-login.net/secure/login?session=88aef001,1
http://bit.ly/3xYz901/update_password.asp,1
http://ebay-seller-auth.security-check.biz/auth/login?redirect=bank,1
https://nytimes.com/docs/api/v1,0
http://free-amazon-giftcard.claim-bonus.org/signin.php?id=994812,1
http://free-amazon-giftcard.claim-bonus.org/auth/login?redirect=bank,1
https://bit.ly/3xYz901/signin.php?id=994812,1
https://nature.com/index.html,0
https://sciencedirect.com/article/12345,0
https://apple-id-verify.account-security.info/verify-account?token=secret123,1
https://ebay-seller-auth.security-check.biz/confirm-billing-info,1
https://apple.com/user/profile,0
https://sciencedirect.com/download/package.tar.gz,0
https://microsoft-online-support.password-reset.site/verify-account?token=secret123,1
http://login.paypal.account-verification-service.com/secure/login?session=88aef001,1
http://microsoft-online-support.password-reset.site/confirm-billing-info,1
https://ebay-seller-auth.security-check.biz/auth/login?redirect=bank,1
http://github.com/help/faq,0
https://python.org/index.html,0
http://192.168.1.105/admin/login.php/verify-account?token=secret123,1
https://linkedin.com/user/profile,0
http://192.168.1.105/admin/login.php/signin.php?id=994812,1
https://apple-id-verify.account-security.info/auth/login?redirect=bank,1
https://apple.com/docs/api/v1,0
https://microsoft-online-support.password-reset.site/verify-account?token=secret123,1
https://wikipedia.org/index.html,0
https://nytimes.com/help/faq,0
http://192.168.1.105/admin/login.php/confirm-billing-info,1
http://nytimes.com/user/profile,0
https://reddit.com/docs/api/v1,0
https://sciencedirect.com/help/faq,0
http://googledrive-shared-document.view-file.xyz/verify-account?token=secret123,1
https://nytimes.com/download/package.tar.gz,0
https://accounts-google.verify-identity.club/confirm-billing-info,1
https://stackoverflow.com,0
https://secure-bankofamerica.update-login.net/update_password.asp,1
https://amazon.com/help/faq,0
http://bit.ly/3xYz901/signin.php?id=994812,1
https://apple.com,0
https://microsoft.com/article/12345,0
http://googledrive-shared-document.view-file.xyz/signin.php?id=994812,1
https://secure-bankofamerica.update-login.net/signin.php?id=994812,1
https://microsoft-online-support.password-reset.site/signin.php?id=994812,1
https://github.com/article/12345,0
https://ebay-seller-auth.security-check.biz/signin.php?id=994812,1
https://login.paypal.account-verification-service.com/signin.php?id=994812,1
http://sciencedirect.com/help/faq,0
https://accounts-google.verify-identity.club/confirm-billing-info,1
https://googledrive-shared-document.view-file.xyz/confirm-billing-info,1
http://accounts-google.verify-identity.club/auth/login?redirect=bank,1
https://bit.ly/3xYz901/secure/login?session=88aef001,1
https://bit.ly/3xYz901/auth/login?redirect=bank,1
http://ebay-seller-auth.security-check.biz/update_password.asp,1
http://microsoft-online-support.password-reset.site/secure/login?session=88aef001,1
http://microsoft-online-support.password-reset.site/signin.php?id=994812,1
http://googledrive-shared-document.view-file.xyz/verify-account?token=secret123,1
https://free-amazon-giftcard.claim-bonus.org/update_password.asp,1
https://reddit.com/search?q=machine+learning,0
https://192.168.1.105/admin/login.php/update_password.asp,1
https://apple.com,0
https://mit.edu/about,0
https://bit.ly/3xYz901/confirm-billing-info,1
https://linkedin.com/docs/api/v1,0
http://apple-id-verify.account-security.info/verify-account?token=secret123,1
http://microsoft-online-support.password-reset.site/signin.php?id=994812,1
https://nature.com/docs/api/v1,0
https://apple.com/article/12345,0
http://login.paypal.account-verification-service.com/signin.php?id=994812,1
https://amazon.com,0
https://bit.ly/3xYz901/verify-account?token=secret123,1
http://accounts-google.verify-identity.club/auth/login?redirect=bank,1
http://login.paypal.account-verification-service.com/confirm-billing-info,1
https://apple-id-verify.account-security.info/update_password.asp,1
https://sciencedirect.com/help/faq,0
https://amazon.com/user/profile,0
https://googledrive-shared-document.view-file.xyz/auth/login?redirect=bank,1
http://bit.ly/3xYz901/confirm-billing-info,1
http://linkedin.com/user/profile,0
https://microsoft-online-support.password-reset.site/secure/login?session=88aef001,1
http://login.paypal.account-verification-service.com/verify-account?token=secret123,1
https://apple-id-verify.account-security.info/confirm-billing-info,1
https://free-amazon-giftcard.claim-bonus.org/signin.php?id=994812,1
http://accounts-google.verify-identity.club/secure/login?session=88aef001,1
http://bit.ly/3xYz901/auth/login?redirect=bank,1
http://apple-id-verify.account-security.info/signin.php?id=994812,1
https://free-amazon-giftcard.claim-bonus.org/confirm-billing-info,1
https://mit.edu,0
http://googledrive-shared-document.view-file.xyz/verify-account?token=secret123,1
https://sciencedirect.com,0
https://google.com/download/package.tar.gz,0
https://accounts-google.verify-identity.club/verify-account?token=secret123,1
http://apple-id-verify.account-security.info/secure/login?session=88aef001,1
http://ebay-seller-auth.security-check.biz/verify-account?token=secret123,1
http://googledrive-shared-document.view-file.xyz/signin.php?id=994812,1
https://amazon.com/about,0
https://stanford.edu/docs/api/v1,0
https://microsoft-online-support.password-reset.site/verify-account?token=secret123,1
https://apple.com,0
https://accounts-google.verify-identity.club/update_password.asp,1
https://linkedin.com/about,0
https://reddit.com/index.html,0
https://stackoverflow.com,0
https://stanford.edu/user/profile,0
https://sciencedirect.com/user/profile,0
https://wikipedia.org/search?q=machine+learning,0
http://free-amazon-giftcard.claim-bonus.org/signin.php?id=994812,1
http://microsoft-online-support.password-reset.site/secure/login?session=88aef001,1
https://python.org/search?q=machine+learning,0
http://github.com/article/12345,0
https://apple.com,0
https://bit.ly/3xYz901/update_password.asp,1
http://linkedin.com/help/faq,0
http://microsoft.com/about,0
https://stackoverflow.com/article/12345,0
https://apple-id-verify.account-security.info/secure/login?session=88aef001,1
https://github.com/article/12345,0
https://googledrive-shared-document.view-file.xyz/signin.php?id=994812,1
https://apple-id-verify.account-security.info/signin.php?id=994812,1
http://accounts-google.verify-identity.club/secure/login?session=88aef001,1
https://github.com/help/faq,0
https://secure-bankofamerica.update-login.net/secure/login?session=88aef001,1
http://linkedin.com/download/package.tar.gz,0
https://ebay-seller-auth.security-check.biz/secure/login?session=88aef001,1
https://stackoverflow.com/index.html,0
http://apple-id-verify.account-security.info/secure/login?session=88aef001,1
https://python.org/article/12345,0
http://free-amazon-giftcard.claim-bonus.org/verify-account?token=secret123,1
https://python.org/search?q=machine+learning,0
https://amazon.com/help/faq,0
https://secure-bankofamerica.update-login.net/confirm-billing-info,1
https://python.org,0
http://login.paypal.account-verification-service.com/secure/login?session=88aef001,1
https://googledrive-shared-document.view-file.xyz/verify-account?token=secret123,1
https://stackoverflow.com/user/profile,0
https://free-amazon-giftcard.claim-bonus.org/verify-account?token=secret123,1
https://microsoft-online-support.password-reset.site/secure/login?session=88aef001,1
http://bit.ly/3xYz901/update_password.asp,1
https://stackoverflow.com/docs/api/v1,0
https://wikipedia.org/search?q=machine+learning,0
http://free-amazon-giftcard.claim-bonus.org/confirm-billing-info,1
https://reddit.com/download/package.tar.gz,0
https://192.168.1.105/admin/login.php/signin.php?id=994812,1
https://apple.com/article/12345,0
http://ebay-seller-auth.security-check.biz/signin.php?id=994812,1
https://wikipedia.org/search?q=machine+learning,0
http://apple-id-verify.account-security.info/auth/login?redirect=bank,1
https://python.org,0
https://stackoverflow.com/index.html,0
http://reddit.com/about,0
http://apple-id-verify.account-security.info/auth/login?redirect=bank,1
https://nature.com/about,0
https://stackoverflow.com/download/package.tar.gz,0
https://secure-bankofamerica.update-login.net/confirm-billing-info,1
https://linkedin.com/download/package.tar.gz,0
http://192.168.1.105/admin/login.php/secure/login?session=88aef001,1
https://apple-id-verify.account-security.info/secure/login?session=88aef001,1
http://googledrive-shared-document.view-file.xyz/auth/login?redirect=bank,1
https://microsoft.com,0
https://secure-bankofamerica.update-login.net/auth/login?redirect=bank,1
http://login.paypal.account-verification-service.com/auth/login?redirect=bank,1
http://bit.ly/3xYz901/auth/login?redirect=bank,1
https://linkedin.com/download/package.tar.gz,0
http://login.paypal.account-verification-service.com/auth/login?redirect=bank,1
https://secure-bankofamerica.update-login.net/auth/login?redirect=bank,1
https://github.com/docs/api/v1,0
http://bit.ly/3xYz901/secure/login?session=88aef001,1
https://apple.com/download/package.tar.gz,0
https://accounts-google.verify-identity.club/signin.php?id=994812,1
https://secure-bankofamerica.update-login.net/auth/login?redirect=bank,1
https://apple.com,0
https://reddit.com/search?q=machine+learning,0
https://python.org/index.html,0
https://amazon.com/search?q=machine+learning,0
http://192.168.1.105/admin/login.php/auth/login?redirect=bank,1
https://linkedin.com/article/12345,0
http://secure-bankofamerica.update-login.net/verify-account?token=secret123,1
http://reddit.com/about,0
http://microsoft-online-support.password-reset.site/signin.php?id=994812,1
https://stackoverflow.com,0
https://ebay-seller-auth.security-check.biz/secure/login?session=88aef001,1
http://accounts-google.verify-identity.club/confirm-billing-info,1
https://reddit.com/download/package.tar.gz,0
https://stackoverflow.com/index.html,0
https://apple.com/user/profile,0
https://wikipedia.org/index.html,0
https://bit.ly/3xYz901/signin.php?id=994812,1
http://apple-id-verify.account-security.info/auth/login?redirect=bank,1
http://bit.ly/3xYz901/auth/login?redirect=bank,1
https://secure-bankofamerica.update-login.net/update_password.asp,1
http://ebay-seller-auth.security-check.biz/confirm-billing-info,1
